FAC_NAME,FAC_CITY,COUNTY,MED_SURG_LIC_BEDS,PERINATAL_LIC_BEDS,PEDIATRIC_LIC_BEDS,IC_LIC_BEDS,CORONARY_CARE_LIC_BEDS,ACUTE_RESPIRATORY_CARE_LIC_BEDS,BURN_LIC_BEDS,IC_NEWBORN_LIC_BEDS,REHAB_CTR_LIC_BEDS,GAC_SUBTOT_LIC_BEDS,CHEM_DEPEND_RECOVERY_LIC_BEDS,ACUTE_PSYCHIATRIC_LIC_BEDS,SN_LIC_BEDS,INTERMEDIATE_CARE_LIC_BEDS,INTERMEDIATE_CARE_DEV_DIS_LIC_BEDS,TOT_LIC_BEDS,GAC_CDRS_LIC_BEDS,NEWBORN_NURSERY_BASSINETS,,,
ALAMEDA HOSPITAL,ALAMEDA,Alameda,58,0,0,0,8,0,0,0,0,66,0,0,181,0,0,247,0,,,,313
ALTA BATES SUMMIT MEDICAL CENTER-ALTA BATES CAMPUS,BERKELEY,Alameda,140,114,0,16,14,0,0,55,0,339,0,0,0,0,0,339,0,80,,,
UCSF BENIOFF CHILDREN'S HOSPITAL OAKLAND,OAKLAND,Alameda,0,0,137,23,0,0,0,51,12,223,0,0,0,0,0,223,0,,,,
FAIRMONT HOSPITAL,SAN LEANDRO,Alameda,0,0,0,0,0,0,0,0,50,50,0,0,109,0,0,159,0,,,,
ALTA BATES SUMMIT MEDICAL CENTER-HERRICK CAMPUS,BERKELEY,Alameda,0,0,0,0,0,0,0,0,0,,0,68,0,0,0,68,0,0,,,
HIGHLAND HOSPITAL,OAKLAND,Alameda,112,25,0,24,0,0,0,8,0,169,0,80,0,0,0,249,0,17,,,
KINDRED HOSPITAL - SAN FRANCISCO BAY AREA,SAN LEANDRO,Alameda,89,0,0,10,0,0,0,0,0,99,0,0,0,0,0,99,0,,,,
ALTA BATES SUMMIT MEDICAL CENTER,OAKLAND,Alameda,309,0,0,30,6,0,0,0,58,403,0,0,0,0,0,403,0,0,,,
ST. ROSE HOSPITAL,HAYWARD,Alameda,139,17,0,9,6,0,0,0,0,171,0,0,0,0,0,171,0,24,,,
VALLEY MEMORIAL HOSPITAL,LIVERMORE,Alameda,25,0,0,3,7,0,0,0,0,35,0,14,26,0,0,75,0,0,,,
WASHINGTON HOSPITAL - FREMONT,FREMONT,Alameda,259,22,17,13,16,0,0,14,0,341,0,0,0,0,0,341,0,22,,,
SAN LEANDRO HOSPITAL,SAN LEANDRO,Alameda,84,0,0,9,0,0,0,0,0,93,0,0,0,0,0,93,0,0,,,
ALTA BATES SUMMIT MEDICAL CENTER - SUMMIT CAMPUS,OAKLAND,Alameda,58,0,0,0,0,0,0,0,0,58,0,0,0,0,0,58,0,0,,,
MPI CHEMICAL DEPENDENCY RECOVERY HOSPITAL,OAKLAND,Alameda,0,0,0,0,0,0,0,0,0,,24,0,0,0,0,24,0,0,,,
FREMONT HOSPITAL,FREMONT,Alameda,0,0,0,0,0,0,0,0,0,,0,148,0,0,0,148,0,,,,
STANFORD HEALTH CARE - VALLEYCARE,PLEASANTON,Alameda,116,15,4,13,9,0,0,10,0,167,0,0,0,0,0,167,0,,,,
KAISER FOUNDATION HOSPITAL - FREMONT,FREMONT,Alameda,72,0,0,10,0,0,0,0,0,82,0,18,0,0,0,100,0,,,,
TELECARE HERITAGE PSYCHIATRIC HEALTH FACILITY,Oakland,Alameda,0,0,0,0,0,0,0,0,0,,0,26,0,0,0,26,0,,,,
TELECARE WILLOW ROCK CENTER,SAN LEANDRO,Alameda,0,0,0,0,0,0,0,0,0,,0,16,0,0,0,16,0,,,,
EDEN MEDICAL CENTER,CASTRO VALLEY,Alameda,94,12,0,24,0,0,0,0,0,130,0,0,0,0,0,130,0,11,,,
KAISER FOUNDATION HOSPITAL - OAKLAND/RICHMOND,OAKLAND,Alameda,180,32,37,42,0,0,0,24,0,315,0,0,0,0,0,315,0,6,,,
KAISER FOUNDATION HOSPITAL - SAN LEANDRO,SAN LEANDRO,Alameda,128,38,0,30,0,0,0,20,0,216,0,0,0,0,0,216,0,8,,,
SUTTER AMADOR HOSPITAL,JACKSON,Amador,38,8,0,6,0,0,0,0,0,52,0,0,0,0,0,52,0,8,,,
ORCHARD HOSPITAL,GRIDLEY,Butte,20,0,0,4,0,0,0,0,0,24,0,0,82,0,0,106,0,,,,
ENLOE MEDICAL CENTER - COHASSET,CHICO,Butte,0,0,0,0,0,0,0,0,0,,0,30,0,0,0,30,0,,,,
OROVILLE HOSPITAL,OROVILLE,Butte,113,10,0,10,0,0,0,0,0,133,0,0,0,0,0,133,0,10,,,
ENLOE MEDICAL CENTER- ESPLANADE,CHICO,Butte,161,18,4,33,6,0,0,6,0,228,0,0,0,0,0,228,0,22,,,
BUTTE COUNTY MENTAL HEALTH SERVICES,CHICO,Butte,0,0,0,0,0,0,0,0,0,,0,16,0,0,0,16,0,,,,
ENLOE REHABILITATION CENTER,CHICO,Butte,0,0,0,0,0,0,0,0,40,40,0,0,0,0,0,40,0,,,,
MARK TWAIN MEDICAL CENTER,SAN ANDREAS,Calaveras,17,0,0,8,0,0,0,0,0,25,0,0,0,0,0,25,0,,,,
COLUSA MEDICAL CENTER,COLUSA,Colusa,36,0,0,6,0,0,0,0,0,42,0,0,6,0,0,48,0,0,,,
CONTRA COSTA REGIONAL MEDICAL CENTER,MARTINEZ,Contra Costa,99,11,0,8,0,0,0,6,0,124,0,43,0,0,0,167,0,9,,,
SUTTER DELTA MEDICAL CENTER,ANTIOCH,Contra Costa,107,22,0,12,0,0,0,4,0,145,0,0,0,0,0,145,0,20,,,
JOHN MUIR MEDICAL CENTER-WALNUT CREEK CAMPUS,WALNUT CREEK,Contra Costa,289,83,19,55,0,0,0,60,48,554,0,0,0,0,0,554,0,35,,,
KAISER FOUNDATION HOSPITAL - WALNUT CREEK,WALNUT CREEK,Contra Costa,138,34,12,24,0,0,0,25,0,233,0,0,0,0,0,233,0,32,,,
JOHN MUIR MEDICAL CENTER-CONCORD CAMPUS,CONCORD,Contra Costa,208,0,0,36,0,0,0,0,0,244,0,0,0,0,0,244,0,,,,
SAN RAMON REGIONAL MEDICAL CENTER SOUTH BUILDING,SAN RAMON,Contra Costa,0,0,0,0,0,0,0,0,14,14,0,0,50,0,0,64,0,,,,
SAN RAMON REGIONAL MEDICAL CENTER,SAN RAMON,Contra Costa,99,10,0,6,6,0,0,2,0,123,0,0,0,0,0,123,0,17,,,
JOHN MUIR BEHAVIORAL HEALTH CENTER,CONCORD,Contra Costa,0,0,0,0,0,0,0,0,0,,0,73,0,0,0,73,0,,,,
KAISER FOUNDATION HOSPITAL - RICHMOND CAMPUS,RICHMOND,Contra Costa,42,0,0,8,0,0,0,0,0,50,0,0,0,0,0,50,0,0,,,
KAISER FOUNDATION HOSPITAL - ANTIOCH,ANTIOCH,Contra Costa,96,28,0,20,0,0,0,6,0,150,0,0,0,0,0,150,0,10,,,
SUTTER COAST HOSPITAL,CRESCENT CITY,Del Norte,29,4,0,6,0,0,0,0,10,49,0,0,0,0,0,49,0,4,,,
BARTON MEMORIAL HOSPITAL,SOUTH LAKE TAHOE,El Dorado,45,10,0,8,0,0,0,0,0,63,0,0,48,0,0,111,0,10,,,
MARSHALL MEDICAL CENTER,PLACERVILLE,El Dorado,74,17,0,20,0,0,0,0,0,111,0,0,14,0,0,125,0,12,,,
TELECARE EL DORADO COUNTY P.H.F.,PLACERVILLE,El Dorado,0,0,0,0,0,0,0,0,0,,0,16,0,0,0,16,0,,,,
CLOVIS COMMUNITY MEDICAL CENTER,CLOVIS,Fresno,120,56,0,24,0,0,0,8,0,208,0,0,0,0,0,208,0,47,,,
COALINGA REGIONAL MEDICAL CENTER,COALINGA,Fresno,22,2,0,0,0,0,0,0,0,24,0,0,99,0,0,123,0,,,,
COMMUNITY REGIONAL MEDICAL CENTER-FRESNO,FRESNO,Fresno,424,49,8,78,0,0,10,84,32,685,0,0,0,0,0,685,0,54,,,
ADVENTIST HEALTH SELMA,SELMA,Fresno,57,0,0,0,0,0,0,0,0,57,0,0,0,0,0,57,0,,,,
ADVENTIST HEALTH REEDLEY,REEDLEY,Fresno,29,20,0,0,0,0,0,0,0,49,0,0,0,0,0,49,0,,,,
ST. AGNES MEDICAL CENTER,FRESNO,Fresno,343,32,0,35,26,0,0,0,0,436,0,0,0,0,0,436,0,65,,,
COMMUNITY BEHAVIORAL HEALTH CENTER,FRESNO,Fresno,0,0,0,0,0,0,0,0,0,,0,73,0,0,0,73,0,,,,
SAN JOAQUIN VALLEY REHABILITATION HOSPITAL,FRESNO,Fresno,62,0,0,0,0,0,0,0,0,62,0,0,0,0,0,62,0,,,,
FRESNO SURGICAL HOSPITAL,FRESNO,Fresno,27,0,0,0,0,0,0,0,0,27,0,0,0,0,0,27,0,,,,
KAISER FOUNDATION HOSPITAL - FRESNO,FRESNO,Fresno,119,26,0,12,0,0,0,12,0,169,0,0,0,0,0,169,0,,,,
EXODUS PSYCHIATRIC HEALTH FACILITY FRESNO,FRESNO,Fresno,0,0,0,0,0,0,0,0,0,,0,16,0,0,0,16,0,0,,,
FRESNO HEART AND SURGICAL HOSPITAL,FRESNO,Fresno,48,0,0,0,9,0,0,0,0,57,0,0,0,0,0,57,0,,,,
DEPARTMENT OF STATE HOSPITAL - COALINGA,COALINGA,Fresno,0,0,0,0,0,0,0,0,0,,0,50,0,1450,0,1500,0,0,,,
CENTRAL STAR PSYCHIATRIC HEALTH FACILITY,FRESNO,Fresno,0,0,0,0,0,0,0,0,0,,0,16,0,0,0,16,0,,,,
GLENN MEDICAL CENTER,WILLOWS,Glenn,47,0,0,0,0,0,0,0,0,47,0,0,0,0,0,47,0,,,,
"GENERAL HOSPITAL, THE",EUREKA,Humboldt,0,0,0,0,0,0,0,0,15,15,0,0,0,0,0,15,0,,,,
MAD RIVER COMMUNITY HOSPITAL,ARCATA,Humboldt,62,10,0,6,0,0,0,0,0,78,0,0,0,0,0,78,0,,,,
JEROLD PHELPS COMMUNITY HOSPITAL,GARBERVILLE,Humboldt,9,0,0,0,0,0,0,0,0,9,0,0,8,0,0,17,0,0,,,
REDWOOD MEMORIAL HOSPITAL,FORTUNA,Humboldt,23,8,0,4,0,0,0,0,0,35,0,0,0,0,0,35,0,8,,,
ST. JOSEPH HOSPITAL - EUREKA,EUREKA,Humboldt,102,11,0,16,4,0,0,5,0,138,0,0,0,0,0,138,0,14,,,
SEMPERVIRENS P.H.F.,EUREKA,Humboldt,0,0,0,0,0,0,0,0,0,,0,16,0,0,0,16,0,,,,
EL CENTRO REGIONAL MEDICAL CENTER,EL CENTRO,Imperial,110,19,12,20,0,0,0,0,0,161,0,0,0,0,0,161,0,19,,,
PIONEERS MEMORIAL HEALTHCARE DISTRICT,BRAWLEY,Imperial,66,14,12,8,0,0,0,7,0,107,0,0,0,0,0,107,0,25,,,
NORTHERN INYO HOSPITAL,BISHOP,Inyo,16,5,0,4,0,0,0,0,0,25,0,0,0,0,0,25,0,,,,
SOUTHERN INYO HOSPITAL,LONE PINE,Inyo,4,0,0,0,0,0,0,0,0,4,0,0,33,0,0,37,0,0,,,
DELANO REGIONAL MEDICAL CENTER,DELANO,Kern,79,16,0,10,0,0,0,0,0,105,0,0,51,0,0,156,0,20,,,
BAKERSFIELD MEMORIAL HOSPITAL,BAKERSFIELD,Kern,257,30,35,32,16,0,7,31,0,408,0,0,0,0,0,408,0,10,,,
KERN MEDICAL CENTER,BAKERSFIELD,Kern,80,41,24,24,0,0,0,28,0,197,0,25,0,0,0,222,0,0,,,
KERN VALLEY HEALTHCARE DISTRICT,LAKE ISABELLA,Kern,24,0,0,3,0,0,0,0,0,27,0,0,74,0,0,101,0,0,,,
MERCY HOSPITAL - BAKERSFIELD,BAKERSFIELD,Kern,124,0,0,20,0,0,0,0,0,144,0,0,0,0,0,144,0,,,,
GOOD SAMARITAN HOSPITAL-BAKERSFIELD,BAKERSFIELD,Kern,39,0,0,4,0,0,0,0,0,43,0,21,0,0,0,64,0,,,,
RIDGECREST REGIONAL HOSPITAL,RIDGECREST,Kern,41,8,7,16,0,0,0,0,0,72,0,0,125,0,0,197,0,,,,
ADVENTIST HEALTH BAKERSFIELD,BAKERSFIELD,Kern,188,23,0,34,0,0,0,9,0,254,0,0,0,0,0,254,0,23,,,
ENCOMPASS HEALTH REHABILITATION HOSPITAL OF BAKERSFIELD,BAKERSFIELD,Kern,0,0,0,0,0,0,0,0,86,86,0,0,0,0,0,86,0,,,,
"BAKERSFIELD BEHAVORIAL HEALTHCARE HOSPITAL, LLC",BAKERSFIELD,Kern,0,0,0,0,0,0,0,0,0,,0,90,0,0,0,90,0,,,,
BAKERSFIELD HEART HOSPITAL,BAKERSFIELD,Kern,37,0,0,0,10,0,0,0,0,47,0,0,0,0,0,47,0,0,,,
MERCY SOUTHWEST HOSPITAL,BAKERSFIELD,Kern,39,26,0,8,0,0,0,9,0,82,0,0,0,0,0,82,0,18,,,
CRESTWOOD PSYCHIATRIC HEALTH FACILITY BAKERSFIELD,BAKERSFIELD,Kern,0,0,0,0,0,0,0,0,0,,0,16,0,0,0,16,0,0,,,
ADVENTIST HEALTH TEHACHAPI VALLEY,TEHACHAPI,Kern,21,0,0,4,0,0,0,0,0,25,0,0,0,0,0,25,0,0,,,
ADVENTIST HEALTH HANFORD,HANFORD,Kings,120,31,0,22,0,0,0,0,0,173,0,0,0,0,0,173,0,,,,
ADVENTIST HEALTH CLEARLAKE,CLEARLAKE,Lake,24,4,0,4,0,0,0,0,0,32,0,0,0,0,0,32,0,4,,,
SUTTER LAKESIDE HOSPITAL,LAKEPORT,Lake,23,3,0,4,0,0,0,0,0,30,0,0,0,0,0,30,0,6,,,
BANNER LASSEN MEDICAL CENTER,SUSANVILLE,Lassen,21,4,0,0,0,0,0,0,0,25,0,0,0,0,0,25,0,6,,,
ALHAMBRA HOSPITAL MEDICAL CENTER,ALHAMBRA,Los Angeles,88,0,0,6,7,0,0,0,17,118,0,0,26,0,0,144,0,,,,
BHC ALHAMBRA HOSPITAL,ROSEMEAD,Los Angeles,0,0,0,0,0,0,0,0,0,,0,97,0,0,0,97,0,0,,,
ANTELOPE VALLEY HOSPITAL,LANCASTER,Los Angeles,251,48,22,21,0,0,0,48,0,390,0,30,0,0,0,420,0,0,,,
CATALINA ISLAND MEDICAL CENTER,AVALON,Los Angeles,8,0,0,0,0,0,0,0,0,8,0,0,4,0,0,12,0,0,,,
KINDRED HOSPITAL - BALDWIN PARK,BALDWIN PARK,Los Angeles,83,0,0,8,0,0,0,0,0,91,0,4,0,0,0,95,0,0,,,
BARLOW RESPIRATORY HOSPITAL,LOS ANGELES,Los Angeles,99,0,0,0,0,6,0,0,0,105,0,0,0,0,0,105,0,,,,
ST. MARY MEDICAL CENTER - LONG BEACH,LONG BEACH,Los Angeles,190,25,28,38,8,0,0,25,46,360,0,0,0,0,0,360,0,25,,,
LOS ANGELES COMMUNITY HOSPITAL AT BELLFLOWER,BELLFLOWER,Los Angeles,85,17,0,5,5,0,0,0,0,112,0,32,0,0,0,144,0,0,,,
BEVERLY HOSPITAL,MONTEBELLO,Los Angeles,134,18,15,12,13,0,0,10,0,202,0,0,0,0,0,202,0,26,,,
SOUTHERN CALIFORNIA HOSPITAL AT CULVER CITY,CULVER CITY,Los Angeles,245,14,0,10,10,0,0,0,32,311,18,103,21,0,0,453,0,0,,,
CALIFORNIA HOSPITAL MEDICAL CENTER - LOS ANGELES,LOS ANGELES,Los Angeles,207,37,12,28,8,0,0,26,0,318,0,0,0,0,0,318,0,30,,,
CASA COLINA HOSPITAL,POMONA,Los Angeles,25,0,0,6,0,0,0,0,68,99,0,0,0,0,0,99,0,0,,,
CENTINELA HOSPITAL MEDICAL CENTER,INGLEWOOD,Los Angeles,279,11,0,19,12,0,0,9,32,362,0,0,0,0,0,362,0,17,,,
KEDREN COMMUNITY MENTAL HEALTH CENTER,LOS ANGELES,Los Angeles,0,0,0,0,0,0,0,0,0,,0,72,0,0,0,72,0,,,,
"CALIFORNIA REHABILITATION INSTITUTE, LLC",LOS ANGELES,Los Angeles,0,0,0,0,0,0,0,0,138,138,0,0,0,0,0,138,0,0,,,
GARDENS REGIONAL HOSPITAL AND MEDICAL CENTER,HAWAIIAN GARDENS,Los Angeles,119,0,0,13,5,0,0,0,0,137,0,0,0,0,0,137,0,,,,
AURORA CHARTER OAK,COVINA,Los Angeles,0,0,0,0,0,0,0,0,0,,0,134,0,0,0,134,0,0,,,
CHILDREN'S HOSPITAL OF LOS ANGELES,LOS ANGELES,Los Angeles,16,0,286,73,0,0,0,98,22,495,0,0,0,0,0,495,0,,,,
CITY OF HOPE HELFORD CLINICAL RESEARCH HOSPITAL,DUARTE,Los Angeles,181,0,18,18,0,0,0,0,0,217,0,0,0,0,0,217,0,,,,
COLLEGE HOSPITAL,CERRITOS,Los Angeles,0,0,0,0,0,0,0,0,0,,0,187,0,0,0,187,0,,,,
KINDRED HOSPITAL - SOUTH BAY,GARDENA,Los Angeles,50,0,0,4,0,0,0,0,0,54,0,0,0,0,0,54,0,,,,
COMMUNITY HOSPITAL OF HUNTINGTON PARK,HUNTINGTON PARK,Los Angeles,77,0,0,4,0,0,0,0,0,81,0,0,0,0,0,81,0,,,,
LOS ANGELES COMMUNITY HOSPITAL,LOS ANGELES,Los Angeles,85,0,0,6,0,0,0,0,0,91,0,0,39,0,0,130,0,0,,,
SAN GABRIEL VALLEY MEDICAL CENTER,SAN GABRIEL,Los Angeles,127,29,0,19,0,0,0,12,0,187,0,42,44,0,0,273,0,22,,,
DEL AMO HOSPITAL,TORRANCE,Los Angeles,0,0,0,0,0,0,0,0,0,,0,166,0,0,0,166,0,,,,
LAKEWOOD REGIONAL MEDICAL CENTER,LAKEWOOD,Los Angeles,141,0,0,8,23,0,0,0,0,172,0,0,0,0,0,172,0,,,,
PIH HEALTH HOSPITAL - DOWNEY,DOWNEY,Los Angeles,147,20,7,8,10,0,0,7,0,199,0,0,0,0,0,199,0,17,,,
EAST LOS ANGELES DOCTORS HOSPITAL,LOS ANGELES,Los Angeles,71,14,7,4,6,0,0,0,0,102,0,0,25,0,0,127,0,,,,
ENCINO HOSPITAL MEDICAL CENTER,ENCINO,Los Angeles,60,0,0,22,0,0,0,0,25,107,0,13,28,0,0,148,0,,,,
EMANATE HEALTH FOOTHILL PRESBYTERIAN HOSPITAL,GLENDORA,Los Angeles,74,13,0,9,9,0,0,0,0,105,0,0,0,0,0,105,0,8,,,
KINDRED HOSPITAL - LOS ANGELES,LOS ANGELES,Los Angeles,76,0,0,5,0,0,0,0,0,81,0,0,0,0,0,81,0,,,,
GARFIELD MEDICAL CENTER,MONTEREY PARK,Los Angeles,106,34,0,14,8,0,0,20,28,210,0,0,0,0,0,210,0,30,,,
GATEWAYS HOSPITAL AND MENTAL HEALTH CENTER,LOS ANGELES,Los Angeles,0,0,0,0,0,0,0,0,0,,0,55,0,0,0,55,0,,,,
ADVENTIST HEALTH GLENDALE,GLENDALE,Los Angeles,291,30,0,42,10,0,0,14,28,415,0,60,40,0,0,515,0,30,,,
GLENDORA OAKS BEHAVIORAL HEALTH HOSPITAL,GLENDORA,Los Angeles,0,23,0,0,0,0,0,0,0,23,0,21,0,0,0,44,0,,,,
GREATER EL MONTE COMMUNITY HOSPITAL,SOUTH EL MONTE,Los Angeles,59,19,16,5,5,0,0,0,0,104,0,0,13,0,0,117,0,,,,
SOUTHERN CALIFORNIA HOSPITAL AT HOLLYWOOD,HOLLYWOOD,Los Angeles,92,0,0,5,3,0,0,0,0,100,0,59,0,0,0,159,0,0,,,
HOLLYWOOD PRESBYTERIAN MEDICAL CENTER,LOS ANGELES,Los Angeles,221,34,11,28,8,0,0,15,28,345,0,0,89,0,0,434,0,35,,,
PROVIDENCE HOLY CROSS MEDICAL CENTER,MISSION HILLS,Los Angeles,245,35,0,12,12,0,0,12,13,329,0,0,48,0,0,377,0,25,,,
GOOD SAMARITAN HOSPITAL-LOS ANGELES,LOS ANGELES,Los Angeles,235,31,0,58,10,0,0,23,23,380,0,0,28,0,0,408,0,10,,,
HUNTINGTON MEMORIAL HOSPITAL,PASADENA,Los Angeles,384,56,25,38,0,0,0,51,24,578,0,41,0,0,0,619,12,48,,,
EMANATE HEALTH INTER-COMMUNITY HOSPITAL,COVINA,Los Angeles,116,0,0,8,14,0,0,0,0,138,0,30,23,0,0,191,0,0,,,
TORRANCE MEMORIAL MEDICAL CENTER,TORRANCE,Los Angeles,409,25,33,46,20,0,12,25,0,570,0,0,40,0,0,610,0,28,,,
KAISER FOUNDATION HOSPITAL - LOS ANGELES,LOS ANGELES,Los Angeles,240,27,32,96,32,0,0,33,0,460,0,0,0,0,0,460,0,12,,,
KAISER FOUNDATION HOSPITAL - SOUTH BAY,HARBOR CITY,Los Angeles,193,34,0,20,0,0,0,10,0,257,0,0,0,0,0,257,0,34,,,
KAISER FOUNDATION HOSPITAL - PANORAMA CITY,PANORAMA CITY,Los Angeles,128,42,0,24,0,0,0,24,0,218,0,0,0,0,0,218,0,29,,,
KAISER FOUNDATION HOSPITAL - WEST LA,LOS ANGELES,Los Angeles,194,28,0,31,0,0,0,12,0,265,0,0,0,0,0,265,0,28,,,
KINDRED HOSPITAL - LA MIRADA,LA MIRADA,Los Angeles,88,0,0,6,0,0,0,0,24,118,0,0,0,0,0,118,0,0,,,
KINDRED HOSPITAL - SAN GABRIEL VALLEY,WEST COVINA,Los Angeles,70,0,0,6,0,0,0,0,0,76,0,0,0,0,0,76,0,0,,,
AURORA LAS ENCINAS HOSPITAL,PASADENA,Los Angeles,0,0,0,0,0,0,0,0,0,,0,118,0,0,0,118,0,0,,,
PROVIDENCE LITTLE COMPANY OF MARY MEDICAL CENTER TORRANCE,TORRANCE,Los Angeles,230,22,13,28,0,0,0,34,0,327,0,0,115,0,0,442,0,,,,
COMMUNITY HOSPITAL LONG BEACH,LONG BEACH,Los Angeles,100,0,0,20,10,0,0,0,0,130,0,28,0,0,0,158,0,,,,
CEDARS-SINAI MARINA DEL REY HOSPITAL,MARINA DEL REY,Los Angeles,91,0,0,12,0,0,0,0,0,103,0,30,0,0,0,133,0,0,,,
PROVIDENCE CEDARS-SINAI TARZANA MEDICAL CENTER,TARZANA,Los Angeles,154,29,18,17,10,0,0,21,0,249,0,0,0,0,0,249,0,31,,,
MEMORIAL HOSPITAL OF GARDENA,GARDENA,Los Angeles,70,23,0,5,5,0,0,0,0,103,0,0,69,0,0,172,0,,,,
GLENDALE MEMORIAL HOSPITAL AND HEALTH CENTER,GLENDALE,Los Angeles,180,24,0,12,12,0,0,13,14,255,0,49,30,0,0,334,0,31,,,
MISSION COMMUNITY HOSPITAL - PANORAMA CAMPUS,PANORAMA CITY,Los Angeles,75,0,0,5,5,0,0,0,0,85,0,60,0,0,0,145,0,0,,,
MEMORIALCARE LONG BEACH MEDICAL CENTER,LONG BEACH,Los Angeles,309,0,0,60,0,0,0,0,42,411,0,0,42,0,0,453,0,,,,
METHODIST HOSPITAL OF SOUTHERN CALIFORNIA,ARCADIA,Los Angeles,228,24,0,29,10,10,0,17,30,348,0,0,0,0,0,348,0,0,,,
OLYMPIA MEDICAL CENTER,LOS ANGELES,Los Angeles,192,0,0,6,6,0,0,0,0,204,0,0,0,0,0,204,0,,,,
MONROVIA MEMORIAL HOSPITAL,MONROVIA,Los Angeles,45,0,0,4,0,0,0,0,0,49,0,0,0,0,0,49,0,0,,,
MONTEREY PARK HOSPITAL,MONTEREY PARK,Los Angeles,83,8,6,4,0,0,0,0,0,101,0,0,0,0,0,101,0,21,,,
MOTION PICTURE AND TELEVISION HOSPITAL,WOODLAND HILLS,Los Angeles,0,0,0,0,0,0,0,0,0,,0,12,110,0,0,122,0,,,,
CEDARS-SINAI MEDICAL CENTER,LOS ANGELES,Los Angeles,624,64,30,126,0,0,0,45,0,889,0,0,0,0,0,889,0,80,,,
NORTHRIDGE HOSPITAL MEDICAL CENTER,NORTHRIDGE,Los Angeles,199,35,20,24,22,0,0,18,36,354,0,40,0,0,0,394,0,31,,,
NORWALK COMMUNITY HOSPITAL,NORWALK,Los Angeles,37,0,7,6,0,0,0,0,0,50,0,0,0,0,0,50,0,0,,,
COLLEGE MEDICAL CENTER,LONG BEACH,Los Angeles,68,0,0,8,8,0,0,0,0,84,0,137,0,0,0,221,0,,,,
KINDRED HOSPITAL PARAMOUNT,PARAMOUNT,Los Angeles,165,0,0,7,5,0,0,0,0,177,0,0,0,0,0,177,0,,,,
POMONA VALLEY HOSPITAL MEDICAL CENTER,POMONA,Los Angeles,191,84,34,38,12,0,0,53,0,412,0,0,0,0,0,412,0,41,,,
PIH HEALTH HOSPITAL - WHITTIER,WHITTIER,Los Angeles,323,32,34,48,0,0,0,34,17,488,0,0,35,0,0,523,0,37,,,
EMANATE HEALTH QUEEN OF THE VALLEY HOSPITAL,WEST COVINA,Los Angeles,197,40,18,12,6,0,0,40,12,325,0,0,0,0,0,325,0,25,,,
KAISER FOUNDATION HOSPITAL - MENTAL HEALTH CENTER,LOS ANGELES,Los Angeles,0,0,0,0,0,0,0,0,0,,0,68,0,0,0,68,0,,,,
L.A. DOWNTOWN MEDICAL CENTER,LOS ANGELES,Los Angeles,75,0,0,12,0,0,0,0,0,87,0,147,0,0,0,234,0,,,,
SAN DIMAS COMMUNITY HOSPITAL,SAN DIMAS,Los Angeles,86,7,0,8,0,0,0,0,0,101,0,0,0,0,0,101,0,13,,,
PROVIDENCE LITTLE COMPANY OF MARY MC - SAN PEDRO,SAN PEDRO,Los Angeles,104,22,0,12,0,0,0,0,20,158,48,25,125,0,0,356,0,18,,,
DOCS SURGICAL HOSPITAL,LOS ANGELES,Los Angeles,17,0,0,0,0,0,0,0,0,17,0,0,0,0,0,17,0,0,,,
SANTA MONICA - UCLA MEDICAL CENTER AND ORTHOPAEDIC HOSPITAL,SANTA MONICA,Los Angeles,192,26,25,22,0,0,0,16,0,281,0,0,0,0,0,281,0,29,,,
PACIFICA HOSPITAL OF THE VALLEY,SUN VALLEY,Los Angeles,48,16,24,7,0,0,0,0,0,95,0,38,98,0,0,231,0,0,,,
SHERMAN OAKS HOSPITAL,SHERMAN OAKS,Los Angeles,96,0,0,8,8,0,0,0,0,112,0,19,22,0,0,153,0,,,,
PROVIDENCE SAINT JOHN'S HEALTH CENTER,SANTA MONICA,Los Angeles,196,29,0,23,0,0,0,18,0,266,0,0,0,0,0,266,0,24,,,
PROVIDENCE SAINT JOSEPH MEDICAL CENTER,BURBANK,Los Angeles,269,24,0,38,16,0,0,20,25,392,0,0,0,0,0,392,0,32,,,
COAST PLAZA HOSPITAL,NORWALK,Los Angeles,110,0,0,4,3,0,0,0,0,117,0,0,0,0,0,117,0,,,,
TARZANA TREATMENT CENTER,TARZANA,Los Angeles,0,0,0,0,0,0,0,0,0,,0,60,0,0,0,60,0,,,,
RONALD REAGAN UCLA MEDICAL CENTER,LOS ANGELES,Los Angeles,234,13,44,120,12,0,0,22,0,445,0,0,0,0,0,445,0,26,,,
VALLEY PRESBYTERIAN HOSPITAL,VAN NUYS,Los Angeles,188,58,25,30,0,0,0,32,17,350,0,0,0,0,0,350,0,58,,,
USC VERDUGO HILLS HOSPITAL,GLENDALE,Los Angeles,86,12,0,6,6,0,0,6,0,116,0,24,18,0,0,158,0,14,,,
WEST COVINA MEDICAL CENTER,WEST COVINA,Los Angeles,13,0,0,0,0,0,0,0,0,13,0,0,33,0,0,46,0,0,,,
WEST HILLS HOSPITAL AND MEDICAL CENTER,WEST HILLS,Los Angeles,192,24,0,25,0,0,8,11,0,260,0,0,0,0,0,260,0,11,,,
ADVENTIST HEALTH WHITE MEMORIAL,LOS ANGELES,Los Angeles,150,24,28,39,8,0,0,28,16,293,0,33,27,0,0,353,0,32,,,
WHITTIER HOSPITAL MEDICAL CENTER,WHITTIER,Los Angeles,112,28,0,16,0,0,0,0,0,156,0,0,22,0,0,178,0,36,,,
RESNICK NEUROPSYCHIATRIC HOSPITAL AT UCLA,LOS ANGELES,Los Angeles,0,0,0,0,0,0,0,0,0,,0,74,0,0,0,74,0,0,,,
HENRY MAYO NEWHALL HOSPITAL,VALENCIA,Los Angeles,242,44,0,12,6,0,0,11,19,334,0,23,0,0,0,357,0,25,,,
DEPARTMENT OF STATE HOSPITAL-METROPOLITAN,NORWALK,Los Angeles,0,0,0,0,0,0,0,0,0,,0,1004,102,0,0,1106,0,0,,,
"USC KENNETH NORRIS, JR. CANCER HOSPITAL",LOS ANGELES,Los Angeles,47,0,0,13,0,0,0,0,0,60,0,0,0,0,0,60,0,,,,
TOM REDGATE MEMORIAL RECOVERY CENTER,LONG BEACH,Los Angeles,0,0,0,0,0,0,0,0,0,,63,0,0,0,0,63,0,0,,,
LAC/HARBOR-UCLA MEDICAL CENTER,TORRANCE,Los Angeles,276,29,25,44,6,8,0,27,0,415,0,38,0,0,0,453,0,13,,,
LAC+USC MEDICAL CENTER,LOS ANGELES,Los Angeles,343,32,25,130,10,0,20,40,0,600,0,76,0,0,0,676,0,,,,
"MARTIN LUTHER KING, JR. COMMUNITY HOSPITAL",LOS ANGELES,Los Angeles,93,18,0,20,0,0,0,0,0,131,0,0,0,0,0,131,0,12,,,
LOS ANGELES COUNTY OLIVE VIEW-UCLA MEDICAL CENTER,SYLMAR,Los Angeles,200,29,18,42,0,0,0,14,0,303,0,52,0,0,0,355,0,0,,,
LAC/RANCHO LOS AMIGOS NATIONAL REHAB CENTER,DOWNEY,Los Angeles,102,0,0,12,0,0,0,0,125,239,0,0,0,0,0,239,0,0,,,
KAISER FOUNDATION HOSPITAL - WOODLAND HILLS,WOODLAND HILLS,Los Angeles,187,46,7,22,0,0,0,12,0,274,0,0,0,0,0,274,0,24,,,
AMERICAN RECOVERY CENTER,POMONA,Los Angeles,0,0,0,0,0,0,0,0,0,,40,0,0,0,0,40,0,,,,
KECK HOSPITAL OF USC,LOS ANGELES,Los Angeles,285,0,0,84,0,0,0,0,32,401,0,0,0,0,0,401,0,,,,
STAR VIEW ADOLESCENT - P H F,TORRANCE,Los Angeles,0,0,0,0,0,0,0,0,0,,0,16,0,0,0,16,0,,,,
LA CASA PSYCHIATRIC HEALTH FACILITY,LONG BEACH,Los Angeles,0,0,0,0,0,0,0,0,0,,0,16,0,0,0,16,0,0,,,
KAISER FOUNDATION HOSPITAL - BALDWIN PARK,BALDWIN PARK,Los Angeles,187,53,0,12,0,0,0,20,0,272,0,0,0,0,0,272,0,0,,,
MEMORIALCARE MILLER CHILDREN'S & WOMEN'S HOSPITAL LONG BEACH,LONG BEACH,Los Angeles,35,59,138,30,0,0,0,95,0,357,0,0,0,0,0,357,0,48,,,
KAISER FOUNDATION HOSPITAL - DOWNEY,DOWNEY,Los Angeles,182,66,17,38,0,0,0,49,0,352,0,0,0,0,0,352,0,0,,,
JOYCE EISENBERG KEEFER MEDICAL CENTER,RESEDA,Los Angeles,0,0,0,0,0,0,0,0,0,,0,10,239,0,0,249,0,0,,,
PALMDALE REGIONAL MEDICAL CENTER,PALMDALE,Los Angeles,133,0,0,24,0,0,0,0,27,184,0,0,0,0,0,184,0,,,,
EXODUS RECOVERY P.H.F.,CULVER CITY,Los Angeles,0,0,0,0,0,0,0,0,0,,0,16,0,0,0,16,0,,,,
OCEAN VIEW PSYCHIATRIC HEALTH FACILITY,LONG BEACH,Los Angeles,0,0,0,0,0,0,0,0,0,,0,36,0,0,0,36,0,0,,,
MADERA COMMUNITY HOSPITAL,MADERA,Madera,73,23,0,10,0,0,0,0,0,106,0,0,0,0,0,106,0,21,,,
VALLEY CHILDREN'S HOSPITAL,MADERA,Madera,46,0,134,42,0,0,0,116,20,358,0,0,0,0,0,358,0,0,,,
KAISER FOUNDATION HOSPITAL - SAN RAFAEL,SAN RAFAEL,Marin,104,0,0,12,0,0,0,0,0,116,0,0,0,0,0,116,0,0,,,
KENTFIELD HOSPITAL,KENTFIELD,Marin,60,0,0,0,0,0,0,0,0,60,0,0,0,0,0,60,0,,,,
MARINHEALTH MEDICAL CENTER,GREENBRAE,Marin,165,22,9,14,0,0,0,8,0,218,0,17,0,0,0,235,0,8,,,
NOVATO COMMUNITY HOSPITAL,NOVATO,Marin,39,0,0,4,4,0,0,0,0,47,0,0,0,0,0,47,0,,,,
JOHN C FREMONT HEALTHCARE DISTRICT,MARIPOSA,Mariposa,18,0,0,0,0,0,0,0,0,18,0,0,16,0,0,34,0,,,,
MENDOCINO COAST DISTRICT HOSPITAL,FORT BRAGG,Mendocino,38,7,0,4,0,0,0,0,0,49,0,0,0,0,0,49,0,6,,,
ADVENTIST HEALTH UKIAH VALLEY,UKIAH,Mendocino,41,15,0,8,0,0,0,4,0,68,0,0,0,0,0,68,0,15,,,
ADVENTIST HEALTH HOWARD MEMORIAL,WILLITS,Mendocino,21,0,0,4,0,0,0,0,0,25,0,0,0,0,0,25,0,,,,
MEMORIAL HOSPITAL LOS BANOS,LOS BANOS,Merced,24,12,0,4,0,0,0,0,0,40,0,0,0,0,0,40,0,12,,,
MERCY MEDICAL CENTER - MERCED,MERCED,Merced,136,30,0,20,0,0,0,0,0,186,0,0,0,0,0,186,0,,,,
MARIE GREEN PSYCHIATRIC CENTER - P H F,MERCED,Merced,0,0,0,0,0,0,0,0,0,,0,16,0,0,0,16,0,0,,,
SURPRISE VALLEY COMMUNITY HOSPITAL,CEDARVILLE,Modoc,4,0,0,0,0,0,0,0,0,4,0,0,22,0,0,26,0,,,,
MODOC MEDICAL CENTER,ALTURAS,Modoc,16,0,0,0,0,0,0,0,0,16,0,0,71,0,0,87,0,,,,
MAMMOTH HOSPITAL,MAMMOTH LAKES,Mono,13,2,0,2,0,0,0,0,0,17,0,0,0,0,0,17,0,,,,
COMMUNITY HOSPITAL OF THE MONTEREY PENINSULA,MONTEREY,Monterey,186,7,6,10,10,0,0,8,13,240,0,18,0,0,0,258,0,8,,,
GEORGE L. MEE MEMORIAL HOSPITAL,KING CITY,Monterey,13,8,0,4,0,0,0,0,0,25,0,0,48,0,0,73,0,0,,,
SALINAS VALLEY MEMORIAL HOSPITAL,SALINAS,Monterey,208,23,8,6,7,0,0,11,0,263,0,0,0,0,0,263,0,34,,,
NATIVIDAD MEDICAL CENTER,SALINAS,Monterey,62,27,12,10,0,0,0,15,24,150,0,22,0,0,0,172,0,18,,,
QUEEN OF THE VALLEY MEDICAL CENTER,NAPA,Napa,130,22,0,36,0,0,0,6,14,208,0,0,0,0,0,208,0,8,,,
ADVENTIST HEALTH ST. HELENA,ST. HELENA,Napa,132,7,0,12,0,0,0,0,0,151,0,0,0,0,0,151,0,0,,,
NAPA STATE HOSPITAL,NAPA,Napa,0,0,0,0,0,0,0,0,0,,0,151,36,1231,0,1418,0,,,,
SIERRA NEVADA MEMORIAL HOSPITAL,GRASS VALLEY,Nevada,90,10,0,2,2,0,0,0,0,104,0,0,0,0,0,104,0,,,,
TAHOE FOREST HOSPITAL,TRUCKEE,Nevada,23,4,0,6,0,0,0,0,0,33,0,0,37,0,0,70,0,8,,,
CHILDREN'S HOSPITAL OF ORANGE COUNTY,ORANGE,Orange,0,0,158,54,0,0,0,104,0,316,0,18,0,0,0,334,0,0,,,
MEMORIALCARE ORANGE COAST MEDICAL CENTER,FOUNTAIN VALLEY,Orange,164,25,0,21,0,0,0,12,0,222,0,0,0,0,0,222,0,20,,,
AHMC ANAHEIM REGIONAL MEDICAL CENTER,ANAHEIM,Orange,153,27,0,22,10,0,0,11,0,223,0,0,0,0,0,223,0,12,,,
KINDRED HOSPITAL - BREA,BREA,Orange,44,0,0,4,0,0,0,0,0,48,0,0,38,0,0,86,0,0,,,
CHAPMAN GLOBAL MEDICAL CENTER,ORANGE,Orange,35,0,0,12,0,0,0,0,0,47,28,12,27,0,0,114,0,0,,,
COLLEGE HOSPITAL COSTA MESA,COSTA MESA,Orange,23,0,0,0,0,0,0,0,0,23,0,99,0,0,0,122,0,0,,,
KINDRED HOSPITAL - SANTA ANA,SANTA ANA,Orange,47,0,0,7,0,0,0,0,0,54,0,0,0,0,0,54,0,0,,,
FOUNTAIN VALLEY REGIONAL HOSPITAL & MEDICAL CENTER - EUCLID,FOUNTAIN VALLEY,Orange,183,38,13,36,0,0,0,23,0,293,0,0,0,0,0,293,0,,,,
ANAHEIM GLOBAL MEDICAL CENTER,ANAHEIM,Orange,35,37,0,22,0,0,0,5,0,99,0,90,0,0,0,189,0,14,,,
HOAG MEMORIAL HOSPITAL PRESBYTERIAN,NEWPORT BEACH,Orange,294,70,0,19,12,0,0,21,18,434,0,0,0,0,0,434,21,28,,,
HUNTINGTON BEACH HOSPITAL,HUNTINGTON BEACH,Orange,70,0,0,6,6,0,0,0,0,82,0,49,0,0,0,131,0,,,,
LA PALMA INTERCOMMUNITY HOSPITAL,LA PALMA,Orange,105,11,0,4,4,0,0,0,0,124,0,16,0,0,0,140,0,,,,
LOS ALAMITOS MEDICAL CENTER,LOS ALAMITOS,Orange,133,12,0,9,8,0,0,0,0,162,0,0,0,0,0,162,0,19,,,
SOUTH COAST GLOBAL MEDICAL CENTER,SANTA ANA,Orange,79,12,9,9,0,0,0,0,0,109,0,23,46,0,0,178,0,20,,,
MISSION HOSPITAL REGIONAL MEDICAL CENTER,MISSION VIEJO,Orange,217,43,0,36,27,0,0,0,22,345,0,0,0,0,0,345,0,19,,,
UNIVERSITY OF CALIFORNIA IRVINE MEDICAL CENTER,ORANGE,Orange,220,22,0,60,0,0,8,30,14,354,0,48,0,0,0,402,0,5,,,
GARDEN GROVE HOSPITAL AND MEDICAL CENTER,GARDEN GROVE,Orange,108,35,0,12,0,0,0,12,0,167,0,0,0,0,0,167,0,,,,
PLACENTIA LINDA HOSPITAL,PLACENTIA,Orange,106,0,0,4,4,0,0,0,0,114,0,0,0,0,0,114,0,,,,
NEWPORT BAY HOSPITAL,NEWPORT BEACH,Orange,0,0,0,0,0,0,0,0,0,,0,36,0,0,0,36,0,,,,
MEMORIALCARE SADDLEBACK MEDICAL CENTER,LAGUNA HILLS,Orange,168,39,0,22,0,0,0,19,0,248,0,0,0,0,0,248,0,24,,,
SADDLEBACK MEMORIAL MEDICAL CENTER - SAN CLEMENTE,SAN CLEMENTE,Orange,66,0,0,7,0,0,0,0,0,73,0,0,0,0,0,73,0,,,,
MISSION HOSPITAL LAGUNA BEACH,LAGUNA BEACH,Orange,113,19,0,10,0,0,0,0,0,142,0,36,0,0,0,178,38,,,,
ST. JOSEPH HOSPITAL - ORANGE,ORANGE,Orange,285,89,0,32,20,0,0,0,0,426,0,37,0,0,0,463,0,46,,,
ST. JUDE MEDICAL CENTER,FULLERTON,Orange,192,33,0,51,0,0,0,14,30,320,0,0,0,0,0,320,0,12,,,
FOOTHILL REGIONAL MEDICAL CENTER,TUSTIN,Orange,120,0,0,15,0,0,0,0,0,135,0,0,42,0,0,177,22,0,,,
WEST ANAHEIM MEDICAL CENTER,ANAHEIM,Orange,147,0,0,10,10,0,0,0,0,167,0,30,22,0,0,219,0,,,,
KINDRED HOSPITAL WESTMINSTER,WESTMINSTER,Orange,93,0,0,16,0,0,0,0,0,109,0,0,0,0,0,109,0,,,,
ORANGE COUNTY GLOBAL MEDICAL CENTER,SANTA ANA,Orange,111,52,26,42,0,0,7,16,0,254,0,28,0,0,0,282,0,30,,,
FAIRVIEW DEVELOPMENTAL CENTER,COSTA MESA,Orange,30,0,0,0,0,0,0,0,0,30,0,0,396,0,792,1218,0,,,,
FOUNTAIN VALLEY REGIONAL HOSPITAL & MEDICAL CENTER - WARNER,FOUNTAIN VALLEY,Orange,107,0,0,0,0,0,0,0,0,107,0,0,0,0,0,107,0,,,,
HOAG HOSPITAL IRVINE,IRVINE,Orange,72,0,0,12,0,0,0,0,0,84,0,0,0,0,0,84,0,,,,
ENCOMPASS HEALTH REHABILITATION HOSPITAL OF TUSTIN,TUSTIN,Orange,0,0,0,0,0,0,0,0,48,48,0,0,0,0,0,48,0,,,,
CHILDREN'S HOSPITAL AT MISSION,MISSION VIEJO,Orange,0,0,24,8,0,0,0,22,0,54,0,0,0,0,0,54,0,0,,,
HEALTHBRIDGE CHILDREN'S HOSPITAL-ORANGE,ORANGE,Orange,0,0,0,0,0,0,0,0,9,9,0,0,18,0,0,27,0,,,,
KAISER FOUNDATION HOSPITAL - ORANGE COUNTY - IRVINE,IRVINE,Orange,144,37,0,20,0,0,0,6,0,207,0,0,0,0,0,207,0,8,,,
KAISER FOUNDATION HOSPITAL - ORANGE COUNTY - ANAHEIM,ANAHEIM,Orange,156,34,12,40,0,0,0,20,0,262,0,0,0,0,0,262,0,8,,,
HOAG ORTHOPEDIC INSTITUTE,IRVINE,Orange,70,0,0,0,0,0,0,0,0,70,0,0,0,0,0,70,0,,,,
"LAGUNA TREATMENT HOSPITAL, LLC",ALISO VIEJO,Orange,0,0,0,0,0,0,0,0,0,,93,0,0,0,0,93,0,,,,
SUTTER AUBURN FAITH HOSPITAL,AUBURN,Placer,56,0,0,4,4,0,0,0,0,64,0,0,0,0,0,64,0,0,,,
SUTTER ROSEVILLE MEDICAL CENTER,ROSEVILLE,Placer,207,9,9,24,8,0,0,16,55,328,0,0,0,0,0,328,0,30,,,
KAISER FOUNDATION HOSPITAL - ROSEVILLE,ROSEVILLE,Placer,146,84,32,30,0,0,0,48,0,340,0,0,0,0,0,340,0,40,,,
EASTERN PLUMAS HOSPITAL-PORTOLA CAMPUS,PORTOLA,Plumas,9,0,0,0,0,0,0,0,0,9,0,0,66,0,0,75,0,,,,
SENECA DISTRICT HOSPITAL,CHESTER,Plumas,10,0,0,0,0,0,0,0,0,10,0,0,16,0,0,26,0,,,,
THE BETTY FORD CENTER,RANCHO MIRAGE,Riverside,0,0,0,0,0,0,0,0,0,,100,0,0,0,0,100,0,,,,
CORONA REGIONAL MEDICAL CENTER-MAGNOLIA,CORONA,Riverside,0,0,0,0,0,0,0,0,0,,0,38,40,0,0,78,0,0,,,
CORONA REGIONAL MEDICAL CENTER-MAIN,CORONA,Riverside,126,12,0,18,4,0,0,0,0,160,0,0,0,0,0,160,0,12,,,
DESERT REGIONAL MEDICAL CENTER,PALM SPRINGS,Riverside,238,28,14,23,8,0,0,30,12,353,0,0,32,0,0,385,0,28,,,
EISENHOWER MEDICAL CENTER,RANCHO MIRAGE,Riverside,387,0,6,64,6,0,0,0,0,463,0,0,0,0,0,463,0,0,,,
HEMET GLOBAL MEDICAL CENTER,HEMET,Riverside,266,12,0,18,8,0,0,0,0,304,0,0,113,0,0,417,21,18,,,
JOHN F. KENNEDY MEMORIAL HOSPITAL,INDIO,Riverside,81,26,22,16,0,0,0,0,0,145,0,0,0,0,0,145,0,38,,,
PACIFIC GROVE HOSPITAL,RIVERSIDE,Riverside,0,0,0,0,0,0,0,0,0,,10,58,0,0,0,68,0,,,,
PALO VERDE HOSPITAL,BLYTHE,Riverside,41,6,0,4,0,0,0,0,0,51,0,0,0,0,0,51,0,7,,,
PARKVIEW COMMUNITY HOSPITAL MEDICAL CENTER,RIVERSIDE,Riverside,125,28,15,13,0,0,0,12,0,193,0,0,0,0,0,193,0,20,,,
RIVERSIDE COMMUNITY HOSPITAL,RIVERSIDE,Riverside,290,77,16,75,0,0,0,20,0,478,0,0,0,0,0,478,0,55,,,
SAN GORGONIO MEMORIAL HOSPITAL,BANNING,Riverside,48,15,0,16,0,0,0,0,0,79,0,0,0,0,0,79,0,10,,,
KINDRED HOSPITAL - RIVERSIDE,PERRIS,Riverside,32,0,0,8,0,0,0,0,0,40,0,0,0,0,0,40,0,,,,
SOUTHWEST HEALTHCARE SYSTEM-WILDOMAR,WILDOMAR,Riverside,102,10,0,18,0,0,0,0,0,130,0,0,0,0,0,130,0,0,,,
MENIFEE GLOBAL MEDICAL CENTER,SUN CITY,Riverside,74,0,0,6,4,0,0,0,0,84,0,0,0,0,0,84,0,,,,
KAISER FOUNDATION HOSPITAL - RIVERSIDE,RIVERSIDE,Riverside,133,35,17,11,11,0,0,19,0,226,0,0,0,0,0,226,0,6,,,
KAISER FOUNDATION HOSPITAL - MORENO VALLEY,MORENO VALLEY,Riverside,73,11,0,5,5,0,0,0,0,94,0,0,0,0,0,94,0,5,,,
SOUTHWEST HEALTHCARE SYSTEM-MURRIETA,MURRIETA,Riverside,79,34,0,7,0,0,0,0,0,120,0,0,0,0,0,120,0,0,,,
TELECARE RIVERSIDE COUNTY PSYCHIATRIC HEALTH FACILITY,INDIO,Riverside,0,0,0,0,0,0,0,0,0,,0,16,0,0,0,16,0,,,,
RIVERSIDE UNIVERSITY HEALTH SYSTEM - MEDICAL CENTER,MORENO VALLEY,Riverside,225,40,21,44,0,0,0,32,0,362,0,77,0,0,0,439,0,38,,,
VIBRA REHABILITATION HOSPITAL OF RANCHO MIRAGE,RANCHO MIRAGE,Riverside,50,0,0,0,0,0,0,0,0,50,0,0,0,0,0,50,0,,,,
TEMECULA VALLEY HOSPITAL,TEMECULA,Riverside,120,0,0,20,0,0,0,0,0,140,0,0,0,0,0,140,0,0,,,
LOMA LINDA UNIVERSITY MEDICAL CENTER-MURRIETA,MURRIETA,Riverside,80,13,0,12,0,0,0,6,0,111,0,0,0,0,0,111,0,14,,,
KAISER FOUNDATION HOSPITAL - SACRAMENTO,SACRAMENTO,Sacramento,253,0,0,25,9,0,0,0,0,287,0,0,0,0,0,287,0,0,,,
MERCY GENERAL HOSPITAL,SACRAMENTO,Sacramento,326,17,0,46,0,0,0,0,30,419,0,0,0,0,0,419,0,26,,,
MERCY SAN JUAN HOSPITAL,CARMICHAEL,Sacramento,248,32,8,45,11,0,0,26,0,370,0,0,0,0,0,370,0,60,,,
METHODIST HOSPITAL OF SACRAMENTO,SACRAMENTO,Sacramento,104,22,0,10,10,0,0,12,0,158,0,0,171,0,0,329,0,22,,,
UNIVERSITY OF CALIFORNIA DAVIS MEDICAL CENTER,SACRAMENTO,Sacramento,349,32,40,116,8,0,12,49,19,625,0,0,0,0,0,625,0,10,,,
"SUTTER MEDICAL CENTER, SACRAMENTO",SACRAMENTO,Sacramento,269,73,40,80,0,0,0,61,0,523,0,0,0,0,0,523,0,55,,,
KAISER FOUNDATION HOSPITAL - SOUTH SACRAMENTO,SACRAMENTO,Sacramento,174,29,0,30,0,0,0,8,0,241,0,0,0,0,0,241,0,10,,,
SIERRA VISTA HOSPITAL,SACRAMENTO,Sacramento,0,0,0,0,0,0,0,0,0,,0,171,0,0,0,171,0,0,,,
SACRAMENTO MENTAL HEALTH TREATMENT CENTER,SACRAMENTO,Sacramento,0,0,0,0,0,0,0,0,0,,0,50,0,0,0,50,0,0,,,
SUTTER CENTER FOR PSYCHIATRY,SACRAMENTO,Sacramento,0,0,0,0,0,0,0,0,0,,0,73,0,0,0,73,0,,,,
HERITAGE OAKS HOSPITAL,SACRAMENTO,Sacramento,0,0,0,0,0,0,0,0,0,,0,125,0,0,0,125,0,0,,,
MERCY HOSPITAL OF FOLSOM,FOLSOM,Sacramento,90,8,0,8,0,0,0,0,0,106,0,0,0,0,0,106,0,,,,
VIBRA HOSPITAL OF SACRAMENTO,FOLSOM,Sacramento,52,0,0,6,0,0,0,0,0,58,0,0,0,0,0,58,0,,,,
SHRINERS HOSPITALS FOR CHILDREN NORTHERN CALIF.,SACRAMENTO,Sacramento,20,0,20,10,0,0,10,0,20,80,0,0,0,0,0,80,0,,,,
CRESTWOOD PSYCHIATRIC HEALTH FACILITY-CARMICHAEL,CARMICHAEL,Sacramento,0,0,0,0,0,0,0,0,0,,0,16,0,0,0,16,0,,,,
CRESTWOOD PSYCHIATRIC HEALTH FACILITY-SACRAMENTO,SACRAMENTO,Sacramento,0,0,0,0,0,0,0,0,0,,0,16,0,0,0,16,0,0,,,
HAZEL HAWKINS MEMORIAL HOSPITAL,HOLLISTER,San Benito,15,6,0,4,0,0,0,0,0,25,0,0,57,0,0,82,0,13,,,
BEAR VALLEY COMMUNITY HOSPITAL,BIG BEAR LAKE,San Bernardino,9,0,0,0,0,0,0,0,0,9,0,0,21,0,0,30,0,,,,
CHINO VALLEY MEDICAL CENTER,CHINO,San Bernardino,98,0,0,14,0,0,0,0,0,112,0,0,0,0,0,112,0,,,,
MONTCLAIR HOSPITAL MEDICAL CENTER,MONTCLAIR,San Bernardino,82,16,0,8,0,0,0,0,0,106,0,0,0,0,0,106,0,17,,,
KAISER FOUNDATION HOSPITAL - FONTANA,FONTANA,San Bernardino,304,34,24,60,0,0,0,28,0,450,0,0,0,0,0,450,0,0,,,
LOMA LINDA UNIV. MED. CENTER EAST CAMPUS HOSPITAL,LOMA LINDA,San Bernardino,65,0,0,8,0,0,0,0,61,134,0,0,0,0,0,134,0,0,,,
LOMA LINDA UNIVERSITY MEDICAL CENTER,LOMA LINDA,San Bernardino,281,0,0,90,0,0,0,0,0,371,0,0,0,0,0,371,0,,,,
MOUNTAINS COMMUNITY HOSPITAL,LAKE ARROWHEAD,San Bernardino,17,0,0,0,0,0,0,0,0,17,0,0,20,0,0,37,0,,,,
KINDRED HOSPITAL - ONTARIO,ONTARIO,San Bernardino,84,0,0,7,0,0,0,0,0,91,0,0,0,0,0,91,0,,,,
REDLANDS COMMUNITY HOSPITAL,REDLANDS,San Bernardino,142,24,0,12,0,0,0,17,0,195,0,18,16,0,0,229,0,,,,
SAN ANTONIO REGIONAL HOSPITAL,UPLAND,San Bernardino,254,32,21,24,12,0,0,20,0,363,0,0,0,0,0,363,0,28,,,
COMMUNITY HOSPITAL OF SAN BERNARDINO,SAN BERNARDINO,San Bernardino,104,24,27,11,10,0,0,9,0,185,0,74,88,0,0,347,0,,,,
ST. BERNARDINE MEDICAL CENTER,SAN BERNARDINO,San Bernardino,229,46,0,27,20,0,0,20,0,342,0,0,0,0,0,342,0,32,,,
ST. MARY MEDICAL CENTER - APPLE VALLEY,APPLE VALLEY,San Bernardino,160,16,8,20,0,0,0,8,0,212,0,0,0,0,0,212,0,32,,,
VICTOR VALLEY GLOBAL MEDICAL CENTER,VICTORVILLE,San Bernardino,64,9,16,10,0,0,0,2,0,101,0,0,0,0,0,101,0,13,,,
COLORADO RIVER MEDICAL CENTER,NEEDLES,San Bernardino,25,0,0,0,0,0,0,0,0,25,0,0,0,0,0,25,0,,,,
PATTON STATE HOSPITAL,PATTON,San Bernardino,0,0,0,0,0,0,0,0,0,,0,427,0,860,0,1287,0,,,,
HI-DESERT MEDICAL CENTER,JOSHUA TREE,San Bernardino,55,0,0,4,0,0,0,0,0,59,0,0,120,0,0,179,0,0,,,
LOMA LINDA UNIVERSITY BEHAVIORAL MEDICINE CENTER,REDLANDS,San Bernardino,0,0,0,0,0,0,0,0,0,,0,89,0,0,0,89,0,,,,
CANYON RIDGE HOSPITAL,CHINO,San Bernardino,0,0,0,0,0,0,0,0,0,,0,106,0,0,0,106,0,,,,
BALLARD REHABILITATION HOSPITAL,SAN BERNARDINO,San Bernardino,0,0,0,0,0,0,0,0,60,60,0,0,0,0,0,60,0,,,,
DESERT VALLEY HOSPITAL,VICTORVILLE,San Bernardino,130,0,0,18,0,0,0,0,0,148,0,0,0,0,0,148,0,,,,
KINDRED HOSPITAL RANCHO,RANCHO CUCAMONGA,San Bernardino,47,0,0,8,0,0,0,0,0,55,0,0,0,0,0,55,0,,,,
ARROWHEAD REGIONAL MEDICAL CENTER,COLTON,San Bernardino,203,48,23,48,0,0,14,30,0,366,0,90,0,0,0,456,0,24,,,
KAISER FOUNDATION HOSPITAL - ONTARIO,ONTARIO,San Bernardino,120,28,0,20,0,0,0,8,0,176,0,0,0,0,0,176,0,0,,,
LOMA LINDA UNIVERSITY SURGICAL HOSPITAL,REDLANDS,San Bernardino,24,0,0,4,0,0,0,0,0,28,0,0,0,0,0,28,0,0,,,
BARSTOW COMMUNITY HOSPITAL,BARSTOW,San Bernardino,20,6,0,4,0,0,0,0,0,30,0,0,0,0,0,30,0,6,,,
TOTALLY KIDS REHABILITATION HOSPITAL,LOMA LINDA,San Bernardino,0,0,0,0,0,0,0,0,25,25,0,0,56,0,0,81,0,,,,
LOMA LINDA UNIVERSITY CHILDREN'S HOSPITAL,LOMA LINDA,San Bernardino,0,71,89,99,0,0,0,84,0,343,0,0,0,0,0,343,0,28,,,
SCRIPPS MERCY HOSPITAL - CHULA VISTA,CHULA VISTA,San Diego,119,30,0,24,0,0,0,0,0,173,0,0,0,0,0,173,0,18,,,
RADY CHILDREN'S HOSPITAL - SAN DIEGO,SAN DIEGO,San Diego,254,0,0,54,0,0,0,137,12,457,0,24,43,0,0,524,0,,,,
SHARP CORONADO HOSPITAL AND HEALTHCARE CENTER,CORONADO,San Diego,52,0,0,3,4,0,0,0,0,59,0,0,122,0,0,181,0,,,,
SHARP MEMORIAL HOSPITAL,SAN DIEGO,San Diego,552,0,0,50,24,0,0,0,30,656,0,0,0,0,0,656,0,0,,,
SHARP MARY BIRCH HOSPITAL FOR WOMEN AND NEWBORNS,SAN DIEGO,San Diego,50,72,0,0,0,0,0,84,0,206,0,0,0,0,0,206,0,40,,,
GROSSMONT HOSPITAL,LA MESA,San Diego,295,24,0,70,5,0,0,24,30,448,0,46,30,0,0,524,0,24,,,
KINDRED HOSPITAL - SAN DIEGO,SAN DIEGO,San Diego,62,0,0,8,0,0,0,0,0,70,0,0,0,0,0,70,0,0,,,
KAISER FOUNDATION HOSPITAL - SAN DIEGO - ZION,SAN DIEGO,San Diego,274,53,25,24,0,0,0,30,0,406,0,0,0,0,0,406,0,0,,,
SCRIPPS MERCY HOSPITAL,SAN DIEGO,San Diego,361,53,0,22,10,0,0,0,0,446,0,36,0,0,0,482,0,43,,,
SHARP MESA VISTA HOSPITAL,SAN DIEGO,San Diego,0,0,0,0,0,0,0,0,0,,0,159,0,0,0,159,0,,,,
ALVARADO PARKWAY INSTITUTE B.H.S.,LA MESA,San Diego,0,0,0,0,0,0,0,0,0,,0,66,0,0,0,66,0,,,,
PALOMAR HEALTH DOWNTOWN CAMPUS,ESCONDIDO,San Diego,68,0,0,7,0,0,0,0,18,93,0,25,0,0,0,118,0,,,,
PARADISE VALLEY HOSPITAL,NATIONAL CITY,San Diego,128,23,0,10,5,0,0,0,22,188,18,85,0,0,0,291,0,35,,,
SCRIPPS MEMORIAL HOSPITAL - LA JOLLA,LA JOLLA,San Diego,322,33,0,77,0,0,0,0,0,432,0,0,0,0,0,432,0,40,,,
TRI-CITY MEDICAL CENTER,OCEANSIDE,San Diego,272,38,0,14,14,0,0,20,10,368,0,18,0,0,0,386,0,48,,,
UC SAN DIEGO HEALTH HILLCREST - HILLCREST MEDICAL CENTER,SAN DIEGO,San Diego,209,40,0,32,13,7,8,49,0,358,0,32,0,0,0,390,0,4,,,
SHARP CHULA VISTA MEDICAL CENTER,CHULA VISTA,San Diego,265,19,0,51,5,0,0,9,0,349,0,0,100,0,0,449,0,21,,,
POMERADO HOSPITAL,POWAY,San Diego,68,11,0,12,0,0,0,4,0,95,0,12,129,0,0,236,0,,,,
SCRIPPS GREEN HOSPITAL,LA JOLLA,San Diego,149,0,0,12,12,0,0,0,0,173,0,0,0,0,0,173,0,,,,
SCRIPPS MEMORIAL HOSPITAL - ENCINITAS,ENCINITAS,San Diego,127,24,0,12,0,0,0,0,30,193,0,0,0,0,0,193,0,2,,,
AURORA SAN DIEGO,SAN DIEGO,San Diego,0,0,0,0,0,0,0,0,0,,0,101,0,0,0,101,0,,,,
SHARP MCDONALD CENTER,SAN DIEGO,San Diego,0,0,0,0,0,0,0,0,0,,16,0,0,0,0,16,0,,,,
SAN DIEGO COUNTY PSYCHIATRIC HOSPITAL,SAN DIEGO,San Diego,0,0,0,0,0,0,0,0,0,,0,109,192,0,0,301,0,0,,,
VIBRA HOSPITAL OF SAN DIEGO,SAN DIEGO,San Diego,104,0,0,6,0,0,0,0,0,110,0,0,0,0,0,110,0,0,,,
UCSD HEALTH LA JOLLA - JACOBS MEDICAL CENTER & SULPIZIO CARDIOVASCULAR CENTER,LA JOLLA,San Diego,257,49,0,48,12,0,0,52,0,418,0,0,0,0,0,418,0,4,,,
PALOMAR MEDICAL CENTER,ESCONDIDO,San Diego,204,34,0,24,24,0,0,0,0,286,0,0,0,0,0,286,0,,,,
KAISER FOUNDATION HOSPITAL - SAN DIEGO - CLAIREMONT MESA,SAN DIEGO,San Diego,120,60,24,20,0,0,0,29,0,253,0,0,0,0,0,253,0,0,,,
CALIFORNIA PACIFIC MED CTR-CALIFORNIA WEST,SAN FRANCISCO,San Francisco,149,77,29,8,0,0,0,36,0,299,0,0,0,0,0,299,0,,,,
JEWISH HOME & REHAB CENTER,SAN FRANCISCO,San Francisco,0,0,0,0,0,0,0,0,0,,0,13,378,0,0,391,0,,,,
KAISER FOUNDATION HOSPITAL - SAN FRANCISCO,SAN FRANCISCO,San Francisco,150,25,10,32,0,0,0,22,0,239,0,0,0,0,0,239,0,,,,
LAGUNA HONDA HOSPITAL AND REHABILITATION CENTER,SAN FRANCISCO,San Francisco,6,0,0,0,0,0,0,0,5,11,0,0,769,0,0,780,0,,,,
LANGLEY PORTER PSYCHIATRIC INSTITUTE,SAN FRANCISCO,San Francisco,0,0,0,0,0,0,0,0,0,,0,56,0,0,0,56,0,,,,
UCSF MEDICAL CENTER AT MOUNT ZION,SAN FRANCISCO,San Francisco,133,0,0,7,0,0,0,0,0,140,0,0,0,0,0,140,0,,,,
CALIFORNIA PACIFIC MED CTR-PACIFIC CAMPUS,SAN FRANCISCO,San Francisco,255,0,0,29,7,0,0,0,0,291,0,18,0,0,0,309,0,,,,
CALIFORNIA PACIFIC MEDICAL CENTER - DAVIES CAMPUS HOSPITAL,SAN FRANCISCO,San Francisco,129,0,0,8,0,0,0,0,48,185,0,0,38,0,0,223,0,,,,
PRISCILLA CHAN & MARK ZUCKERBERG SAN FRANCISCO GENERAL HOSPITAL & TRAUMA CENTER,SAN FRANCISCO,San Francisco,184,21,8,58,0,0,0,13,0,284,0,83,30,0,0,397,0,0,,,
ST. FRANCIS MEMORIAL HOSPITAL,SAN FRANCISCO,San Francisco,205,0,0,10,8,0,16,0,20,259,0,35,0,0,0,294,0,0,,,
"ST. MARY'S MEDICAL CENTER, SAN FRANCISCO",SAN FRANCISCO,San Francisco,167,0,0,37,0,0,0,0,36,240,0,35,0,0,0,275,0,,,,
UCSF MEDICAL CENTER,SAN FRANCISCO,San Francisco,423,4,10,86,16,0,0,51,0,590,0,0,0,0,0,590,0,,,,
CHINESE HOSPITAL,SAN FRANCISCO,San Francisco,59,0,0,6,0,0,0,0,0,65,0,0,0,0,0,65,0,0,,,
CALIFORNIA PACIFIC MEDICAL CENTER - VAN NESS CAMPUS,SAN FRANCISCO,San Francisco,120,50,25,44,0,0,0,35,0,274,0,18,0,0,0,292,0,70,,,
UCSF MEDICAL CENTER AT MISSION BAY,SAN FRANCISCO,San Francisco,56,36,93,46,0,0,0,58,0,289,0,0,0,0,0,289,0,6,,,
CALIFORNIA PACIFIC MEDICAL CENTER - MISSION BERNAL CAMPUS,SAN FRANCISCO,San Francisco,88,22,0,10,0,0,0,0,0,120,0,0,0,0,0,120,0,20,,,
KENTFIELD HOSPITAL SAN FRANCISCO,SAN FRANCISCO,San Francisco,60,0,0,0,0,0,0,0,0,60,0,0,0,0,0,60,0,,,,
DAMERON HOSPITAL,STOCKTON,San Joaquin,146,0,16,12,12,0,0,16,0,202,0,0,0,0,0,202,0,0,,,
ADVENTIST HEALTH LODI MEMORIAL,LODI,San Joaquin,156,16,0,10,0,0,0,4,8,194,0,0,0,0,0,194,0,15,,,
SAN JOAQUIN GENERAL HOSPITAL,FRENCH CAMP,San Joaquin,121,26,8,16,0,0,0,25,0,196,0,0,0,0,0,196,0,16,,,
ST. JOSEPH'S MEDICAL CENTER OF STOCKTON,STOCKTON,San Joaquin,246,27,13,20,9,10,0,30,0,355,0,0,0,0,0,355,0,27,,,
SUTTER TRACY COMMUNITY HOSPITAL,TRACY,San Joaquin,62,7,0,8,0,0,0,0,0,77,0,0,0,0,0,77,0,14,,,
ST. JOSEPH'S BEHAVIORAL HEALTH CENTER,STOCKTON,San Joaquin,0,0,0,0,0,0,0,0,0,,0,35,0,0,0,35,0,,,,
DOCTORS HOSPITAL OF MANTECA,MANTECA,San Joaquin,60,5,0,8,0,0,0,0,0,73,0,0,0,0,0,73,0,6,,,
SAN JOAQUIN PHF,STOCKTON,San Joaquin,0,0,0,0,0,0,0,0,0,,0,16,0,0,0,16,0,0,,,
KAISER FOUNDATION HOSPITAL - MANTECA,MANTECA,San Joaquin,55,0,0,6,0,0,0,0,0,61,0,0,38,0,0,99,0,0,,,
"MARIAN REGIONAL MEDICAL CENTER, ARROYO GRANDE",ARROYO GRANDE,San Luis Obispo,39,0,0,8,0,0,0,0,20,67,0,0,0,0,0,67,0,0,,,
FRENCH HOSPITAL MEDICAL CENTER,SAN LUIS OBISPO,San Luis Obispo,78,9,0,11,0,0,0,0,0,98,0,0,0,0,0,98,0,8,,,
SIERRA VISTA REGIONAL MEDICAL CENTER,SAN LUIS OBISPO,San Luis Obispo,103,14,6,11,6,0,0,22,0,162,0,0,0,0,0,162,0,22,,,
TWIN CITIES COMMUNITY HOSPITAL,TEMPLETON,San Luis Obispo,94,10,0,18,0,0,0,0,0,122,0,0,0,0,0,122,0,12,,,
DEPARTMENT OF STATE HOSPITALS - ATASCADERO,ATASCADERO,San Luis Obispo,0,0,0,0,0,0,0,0,0,,0,265,0,1010,0,1275,0,,,,
SAN LUIS OBISPO CO PSYCHIATRIC HEALTH FACILITY,SAN LUIS OBISPO,San Luis Obispo,0,0,0,0,0,0,0,0,0,,0,16,0,0,0,16,0,,,,
SAN MATEO MEDICAL CENTER,SAN MATEO,San Mateo,55,0,7,7,0,0,0,0,0,69,0,34,345,0,0,448,0,0,,,
KAISER FOUNDATION HOSPITAL - SOUTH SAN FRANCISCO,SOUTH SAN FRANCISCO,San Mateo,105,0,0,15,0,0,0,0,0,120,0,0,0,0,0,120,0,,,,
SETON MEDICAL CENTER,DALY CITY,San Mateo,201,18,0,14,14,0,0,3,0,250,0,24,83,0,0,357,0,0,,,
SETON COASTSIDE,MOSS BEACH,San Mateo,5,0,0,0,0,0,0,0,0,5,0,0,116,0,0,121,0,0,,,
MILLS-PENINSULA MEDICAL CENTER,BURLINGAME,San Mateo,175,30,0,24,0,0,0,12,0,241,0,60,0,0,0,301,0,,,,
SEQUOIA HOSPITAL,REDWOOD CITY,San Mateo,171,21,0,16,0,0,0,0,0,208,0,0,0,0,0,208,0,27,,,
MENLO PARK SURGICAL HOSPITAL,MENLO PARK,San Mateo,16,0,0,0,0,0,0,0,0,16,0,0,0,0,0,16,0,,,,
KAISER FOUNDATION HOSPITAL - REDWOOD CITY,REDWOOD CITY,San Mateo,113,16,0,20,0,0,0,4,0,153,0,0,0,0,0,153,0,16,,,
GOLETA VALLEY COTTAGE HOSPITAL,SANTA BARBARA,Santa Barbara,44,0,0,8,0,0,0,0,0,52,0,0,0,0,0,52,0,,,,
LOMPOC VALLEY MEDICAL CENTER,LOMPOC,Santa Barbara,48,6,0,6,0,0,0,0,0,60,0,0,110,0,0,170,0,6,,,
MARIAN REGIONAL MEDICAL CENTER,SANTA MARIA,Santa Barbara,135,42,8,0,20,0,0,21,0,226,0,0,95,0,0,321,0,28,,,
SANTA BARBARA COTTAGE HOSPITAL,SANTA BARBARA,Santa Barbara,282,37,55,65,0,0,0,22,0,461,0,20,0,0,0,481,0,,,,
SANTA YNEZ VALLEY COTTAGE HOSPITAL,SOLVANG,Santa Barbara,11,0,0,0,0,0,0,0,0,11,0,0,0,0,0,11,0,,,,
SANTA BARBARA PSYCHIATRIC HEALTH FACILITY,SANTA BARBARA,Santa Barbara,0,0,0,0,0,0,0,0,0,,0,16,0,0,0,16,0,,,,
COTTAGE REHABILITATION HOSPITAL,SANTA BARBARA,Santa Barbara,0,0,0,0,0,0,0,0,38,38,0,0,0,0,0,38,0,,,,
STANFORD HEALTH CARE,PALO ALTO,Santa Clara,264,0,0,104,0,0,0,0,0,368,0,0,0,0,0,368,0,0,,,
REGIONAL MEDICAL OF SAN JOSE,SAN JOSE,Santa Clara,203,21,0,34,0,0,0,6,0,264,0,0,0,0,0,264,0,20,,,
EL CAMINO HOSPITAL LOS GATOS,LOS GATOS,Santa Clara,82,14,0,7,8,0,0,2,30,143,0,0,0,0,0,143,0,14,,,
EL CAMINO HEALTH,MOUNTAIN VIEW,Santa Clara,180,44,7,24,0,0,0,20,0,275,0,25,0,0,0,300,0,44,,,
GOOD SAMARITAN HOSPITAL-SAN JOSE,SAN JOSE,Santa Clara,204,69,17,42,21,0,0,51,0,404,0,0,0,0,0,404,0,31,,,
O'CONNOR HOSPITAL,SAN JOSE,Santa Clara,210,65,27,14,8,0,0,10,0,334,0,0,24,0,0,358,0,,,,
SANTA CLARA VALLEY MEDICAL CENTER,SAN JOSE,Santa Clara,306,69,40,68,16,0,8,40,134,681,0,50,0,0,0,731,0,,,,
STANFORD HEALTH CARE,PALO ALTO,Santa Clara,190,0,0,17,0,0,0,0,0,207,0,30,0,0,0,237,0,0,,,
MISSION OAKS HOSPITAL,LOS GATOS,Santa Clara,34,0,0,0,0,0,0,0,15,49,0,21,0,0,0,70,0,,,,
KAISER FOUNDATION HOSPITAL - SAN JOSE,SAN JOSE,Santa Clara,175,36,0,14,10,0,0,12,0,247,0,0,0,0,0,247,0,8,,,
SAN JOSE BEHAVIORAL HEALTH,SAN JOSE,Santa Clara,0,0,0,0,0,0,0,0,0,,0,80,0,0,0,80,0,,,,
CHILDREN'S HEALTHCARE ORGANIZATION OF NORTHERN CA - PEDIATRIC HOSPITAL,CAMPBELL,Santa Clara,4,0,0,0,0,0,0,0,0,4,0,0,27,0,0,31,0,0,,,
ST. LOUISE REGIONAL HOSPITAL,GILROY,Santa Clara,48,16,0,4,4,0,0,0,0,72,0,0,21,0,0,93,0,,,,
KAISER FOUNDATION HOSPITAL - SANTA CLARA,SANTA CLARA,Santa Clara,185,52,26,38,0,0,0,26,0,327,0,0,0,0,0,327,0,28,,,
KAISER PERMANENTE P.H.F - SANTA CLARA,SANTA CLARA,Santa Clara,0,0,0,0,0,0,0,0,0,,0,24,0,0,0,24,0,0,,,
CRESTWOOD PSYCHIATRIC HEALTH FACILITY-SAN JOSE,SAN JOSE,Santa Clara,0,0,0,0,0,0,0,0,0,,0,16,0,0,0,16,0,,,,
DOMINICAN HOSPITAL,SANTA CRUZ,Santa Cruz,153,11,8,10,6,0,0,14,20,222,0,0,0,0,0,222,0,25,,,
SUTTER MATERNITY AND SURGERY CENTER OF SANTA CRUZ,SANTA CRUZ,Santa Cruz,16,12,0,0,0,0,0,0,0,28,0,0,0,0,0,28,0,,,,
WATSONVILLE COMMUNITY HOSPITAL,WATSONVILLE,Santa Cruz,72,18,0,3,3,0,0,10,0,106,0,0,0,0,0,106,0,28,,,
TELECARE SANTA CRUZ PHF,SANTA CRUZ,Santa Cruz,0,0,0,0,0,0,0,0,0,,0,16,0,0,0,16,0,,,,
MAYERS MEMORIAL HOSPITAL,FALL RIVER MILLS,Shasta,16,0,0,0,0,0,0,0,0,16,0,0,99,0,0,115,0,,,,
SHASTA REGIONAL MEDICAL CENTER,REDDING,Shasta,168,0,0,37,0,0,0,0,0,205,0,21,0,0,0,226,0,,,,
MERCY MEDICAL CENTER - REDDING,REDDING,Shasta,157,31,19,33,10,0,0,16,0,266,0,0,0,0,0,266,0,16,,,
VIBRA HOSPITAL OF NORTHERN CALIFORNIA,REDDING,Shasta,56,0,0,0,0,0,0,0,0,56,0,0,32,0,0,88,0,,,,
PATIENTS' HOSPITAL OF REDDING,REDDING,Shasta,10,0,0,0,0,0,0,0,0,10,0,0,0,0,0,10,0,,,,
RESTPADD PSYCHIATRIC HEALTH FACILITY,REDDING,Shasta,0,0,0,0,0,0,0,0,0,,0,16,0,0,0,16,0,,,,
MERCY MEDICAL CENTER MT. SHASTA,MOUNT SHASTA,Siskiyou,25,4,0,4,0,0,0,0,0,33,0,0,0,0,0,33,0,6,,,
FAIRCHILD MEDICAL CENTER,YREKA,Siskiyou,20,4,0,4,0,0,0,0,0,28,0,0,0,0,0,28,0,,,,
KAISER FOUNDATION HOSPITAL & REHAB CENTER - VALLEJO,VALLEJO,Solano,128,32,0,24,0,0,0,16,48,248,0,0,0,0,0,248,0,22,,,
ADVENTIST HEALTH VALLEJO,VALLEJO,Solano,0,0,0,0,0,0,0,0,0,,0,61,0,0,0,61,0,0,,,
SUTTER SOLANO MEDICAL CENTER,VALLEJO,Solano,64,30,0,12,0,0,0,0,0,106,0,0,0,0,0,106,0,14,,,
NORTHBAY MEDICAL CENTER,FAIRFIELD,Solano,79,13,0,24,0,0,0,16,0,132,0,0,0,0,0,132,0,13,,,
NORTHBAY VACAVALLEY HOSPITAL,VACAVILLE,Solano,44,0,0,6,0,0,0,0,0,50,0,0,0,0,0,50,0,,,,
KAISER FOUNDATION HOSPITAL - VACAVILLE,VACAVILLE,Solano,96,28,0,16,0,0,0,0,0,140,0,0,0,0,0,140,0,20,,,
CRESTWOOD SOLANO PSYCHIATRIC HEALTH FACILITY,VALLEJO,Solano,0,0,0,0,0,0,0,0,0,,0,16,0,0,0,16,0,,,,
SANTA ROSA MEMORIAL HOSPITAL-SOTOYOME,SANTA ROSA,Sonoma,15,0,0,0,0,0,0,0,0,15,0,0,31,0,0,46,0,,,,
HEALDSBURG DISTRICT HOSPITAL,HEALDSBURG,Sonoma,17,5,0,4,0,0,0,0,0,26,0,0,17,0,0,43,0,,,,
PETALUMA VALLEY HOSPITAL,PETALUMA,Sonoma,61,10,0,9,0,0,0,0,0,80,0,0,0,0,0,80,0,10,,,
SANTA ROSA MEMORIAL HOSPITAL-MONTGOMERY,SANTA ROSA,Sonoma,207,14,8,16,10,0,0,12,16,283,0,0,0,0,0,283,0,17,,,
SONOMA VALLEY HOSPITAL,SONOMA,Sonoma,18,0,0,6,0,0,0,0,0,24,0,0,27,0,0,51,0,0,,,
SONOMA SPECIALTY HOSPITAL,SEBASTOPOL,Sonoma,32,0,0,5,0,0,0,0,0,37,0,0,0,0,0,37,0,,,,
KAISER FOUNDATION HOSPITAL - SANTA ROSA,SANTA ROSA,Sonoma,118,17,7,20,0,0,0,11,0,173,0,0,0,0,0,173,0,17,,,
"AURORA BEHAVIORAL HEALTHCARE-SANTA ROSA, LLC",SANTA ROSA,Sonoma,0,0,0,0,0,0,0,0,0,,0,95,0,0,0,95,0,,,,
SUTTER SANTA ROSA REGIONAL HOSPITAL,SANTA ROSA,Sonoma,50,10,0,12,0,0,0,12,0,84,0,0,0,0,0,84,0,20,,,
DOCTORS MEDICAL CENTER,MODESTO,Stanislaus,227,56,22,32,12,0,0,45,0,394,0,0,0,0,0,394,0,,,,
EMANUEL MEDICAL CENTER,TURLOCK,Stanislaus,163,28,0,12,0,0,0,6,0,209,0,0,0,0,0,209,0,8,,,
MEMORIAL MEDICAL CENTER - MODESTO,MODESTO,Stanislaus,333,29,10,23,12,0,0,12,0,419,0,0,0,0,0,419,0,30,,,
CENTRAL VALLEY SPECIALTY HOSPITAL,MODESTO,Stanislaus,96,0,0,0,0,0,0,0,0,96,0,0,4,0,0,100,0,0,,,
OAK VALLEY HOSPITAL DISTRICT,OAKDALE,Stanislaus,30,0,0,5,0,0,0,0,0,35,0,0,115,0,0,150,0,0,,,
DOCTORS MEDICAL CENTER-BEHAVIORAL HEALTH DEPARTMENT,MODESTO,Stanislaus,0,0,0,0,0,0,0,0,0,,0,67,0,0,0,67,0,,,,
STANISLAUS SURGICAL HOSPITAL,MODESTO,Stanislaus,23,0,0,0,0,0,0,0,0,23,0,0,0,0,0,23,0,0,,,
KAISER FOUNDATION HOSPITAL - MODESTO,MODESTO,Stanislaus,72,36,0,20,0,0,0,24,0,152,0,0,0,0,0,152,0,,,,
ENCOMPASS HEALTH REHABILITATION HOSPITAL OF MODESTO,MODESTO,Stanislaus,0,0,0,0,0,0,0,0,50,50,0,0,0,0,0,50,0,,,,
TELECARE STANISLAUS COUNTY PHF,CERES,Stanislaus,0,0,0,0,0,0,0,0,0,,0,16,0,0,0,16,0,,,,
SUTTER-YUBA PSYCHIATRIC HEALTH FACILITY,YUBA CITY,Sutter,0,0,0,0,0,0,0,0,0,,0,16,0,0,0,16,0,,,,
SUTTER SURGICAL HOSPITAL-NORTH VALLEY,YUBA CITY,Sutter,14,0,0,0,0,0,0,0,0,14,0,0,0,0,0,14,0,,,,
NORTH VALLEY BEHAVIORAL HEALTH,Yuba City,Sutter,0,0,0,0,0,0,0,0,0,,0,16,0,0,0,16,0,0,,,
ST. ELIZABETH COMMUNITY HOSPITAL,RED BLUFF,Tehama,66,2,0,8,0,0,0,0,0,76,0,0,0,0,0,76,0,10,,,
RESTPADD RED BLUFF PSYCHIATRIC HEALTH FACILITY,RED BLUFF,Tehama,0,0,0,0,0,0,0,0,0,,0,16,0,0,0,16,0,,,,
TRINITY HOSPITAL,WEAVERVILLE,Trinity,25,0,0,0,0,0,0,0,0,25,0,0,23,0,0,48,0,0,,,
KAWEAH DELTA MEDICAL CENTER,VISALIA,Tulare,246,89,12,41,0,0,0,15,45,448,0,63,70,0,0,581,0,32,,,
SIERRA VIEW MEDICAL CENTER,PORTERVILLE,Tulare,108,10,0,10,0,0,0,4,0,132,0,0,35,0,0,167,0,0,,,
PORTERVILLE DEVELOPMENTAL CENTER,PORTERVILLE,Tulare,42,0,2,0,0,0,0,0,0,44,0,0,201,0,981,1226,0,0,,,
ADVENTIST HEALTH SONORA - FAIRVIEW,SONORA,Tuolumne,12,0,0,0,0,0,0,0,0,12,0,0,0,0,0,12,0,,,,
ADVENTIST HEALTH SONORA - GREENLEY,SONORA,Tuolumne,59,7,0,6,0,0,0,0,0,72,0,0,68,0,0,140,0,,,,
AURORA VISTA DEL MAR HOSPITAL,VENTURA,Ventura,0,0,0,0,0,0,0,0,0,,0,87,0,0,0,87,0,,,,
COMMUNITY MEMORIAL HOSPITAL-SAN BUENAVENTURA,VENTURA,Ventura,180,11,8,14,14,0,0,23,0,250,0,0,0,0,0,250,0,31,,,
VENTURA COUNTY MEDICAL CENTER,VENTURA,Ventura,72,21,9,45,9,0,0,24,0,180,0,43,0,0,0,223,0,14,,,
LOS ROBLES HOSPITAL & MEDICAL CENTER,THOUSAND OAKS,Ventura,254,16,9,20,10,0,0,12,0,321,0,0,0,0,0,321,0,22,,,
OJAI VALLEY COMMUNITY HOSPITAL,OJAI,Ventura,21,0,0,4,0,0,0,0,0,25,0,0,66,0,0,91,0,,,,
ST. JOHN'S PLEASANT VALLEY HOSPITAL,CAMARILLO,Ventura,50,0,0,8,0,0,0,0,0,58,0,0,74,0,0,132,0,,,,
VENTURA COUNTY MEDICAL CENTER - SANTA PAULA  HOSPITAL,SANTA PAULA,Ventura,30,13,0,6,0,0,0,0,0,49,0,0,0,0,0,49,0,13,,,
ADVENTIST HEALTH SIMI VALLEY,SIMI VALLEY,Ventura,85,27,0,24,0,0,0,8,0,144,0,0,0,0,0,144,0,18,,,
ST. JOHN'S REGIONAL MEDICAL CENTER,OXNARD,Ventura,179,27,0,10,10,0,0,16,23,265,0,0,0,0,0,265,0,32,,,
LOS ROBLES HOSPITAL & MEDICAL CENTER - EAST CAMPUS,WESTLAKE VILAGE,Ventura,0,0,0,0,0,0,0,0,40,40,0,0,0,0,0,40,0,,,,
"THOUSAND OAKS SURGICAL HOSPITAL, a campus of Los Robles Hosp & Med Ctr",THOUSAND OAKS,Ventura,21,0,0,0,0,0,0,0,0,21,0,0,0,0,0,21,0,,,,
WOODLAND MEMORIAL HOSPITAL,WOODLAND,Yolo,48,7,7,8,0,0,0,4,0,74,0,31,0,0,0,105,0,,,,
SUTTER DAVIS HOSPITAL,DAVIS,Yolo,30,12,0,6,0,0,0,0,0,48,0,0,0,0,0,48,0,14,,,
ADVENTIST HEALTH AND RIDEOUT,MARYSVILLE,Yuba,179,12,0,24,0,0,0,6,0,221,0,0,0,0,0,221,0,41,,,
COMMUNITY SUBACUTE AND TRANSITIONAL CARE CENTER,FRESNO,Fresno,0,0,0,0,0,0,0,0,0,,0,0,106,0,0,106,0,,,,
WESTLAND HOUSE,MONTEREY,Monterey,0,0,0,0,0,0,0,0,0,,0,0,28,0,0,28,0,,,,
HAZEL HAWKINS MEMORIAL HOSPITAL D/P SNF,HOLLISTER,San Benito,0,0,0,0,0,0,0,0,0,,0,0,62,0,0,62,0,,,,
n = 492,,,,,,,,,,,,,,,,,,,,,,,